{"music_disc.basicdjphoqusone":{"sounds":[{"name":"records/basicdjphoqusone","stream":true}]},"reload.end.normal":{"category":"master","sounds":["reload/insert_mag_normal"]},"shoot.mg34":{"category":"master","sounds":["shoot/mg34"]},"reload.end.heavy":{"category":"master","sounds":["reload/insert_mag_minigun"]},"shoot.357magnum":{"category":"master","sounds":["shoot/357magnum"]},"shoot.aug":{"category":"master","sounds":["shoot/aug"]},"reload.start.light":{"category":"master","sounds":["reload/eject_mag_light"]},"scope.in":{"category":"master","sounds":["scope/start_scope"]},"reload.start.shotgun":{"category":"master","sounds":["reload/insert_shotgun_shells"]},"fx.ricochet":{"category":"master","sounds":["fx/bowhit1","fx/bowhit2","fx/bowhit3","fx/bowhit4"]},"shoot.r90":{"category":"master","sounds":["shoot/r90shotgun"]},"reload.start.heavy":{"category":"master","sounds":["reload/eject_mag_minigun"]},"scope.out":{"category":"master","sounds":["scope/end_scope"]},"fx.whiz":{"category":"master","sounds":[{"name":"fx/whiz1","weight":4},{"name":"fx/whiz2","weight":1},{"name":"fx/whiz3","weight":2}]},"shoot.50gs":{"category":"master","sounds":["shoot/50gs"]},"shoot.origin12":{"category":"master","sounds":["shoot/origin12"]},"music_disc.zombieattackzero":{"sounds":[{"name":"records/zombieattackzero","stream":true}]},"shoot.ax50":{"category":"master","sounds":["shoot/ax50"]},"shoot.m4a1":{"category":"master","sounds":["shoot/m4a1"]},"shoot.rpg7":{"category":"master","sounds":["shoot/rpg7"]},"shoot.ak47":{"category":"master","sounds":["shoot/ak47"]},"reload.start.normal":{"category":"master","sounds":["reload/eject_mag_normal"]},"shoot.fnfal":{"category":"master","sounds":["shoot/fnfal"]},"explosion.frag":{"category":"master","sounds":["explosion/frag"]},"shoot.uzi":{"category":"master","sounds":["shoot/uzi"]},"shoot.kar98k":{"category":"master","sounds":["shoot/kar98k"]},"music_disc.springlobbyphoqustwo":{"sounds":[{"name":"records/springlobbyphoqustwo","stream":true}]},"reload.end.light":{"category":"master","sounds":["reload/insert_mag_light"]},"shoot.fr556":{"category":"master","sounds":["shoot/fr556"]}}
